round,location,date_start,driver_number,full_name,team_name,position,points,number_of_laps,gap_to_leader,duration,dnf,dns,dsq
1,Melbourne,2025-03-16 04:00:00+00:00,4,Lando NORRIS,McLaren,1.0,25.0,57.0,0,6126.304,False,False,False
1,Melbourne,2025-03-16 04:00:00+00:00,1,Max VERSTAPPEN,Red Bull Racing,2.0,18.0,57.0,0.895,6127.199,False,False,False
1,Melbourne,2025-03-16 04:00:00+00:00,63,George RUSSELL,Mercedes,3.0,15.0,57.0,8.481,6134.785,False,False,False
1,Melbourne,2025-03-16 04:00:00+00:00,12,Kimi ANTONELLI,Mercedes,4.0,12.0,57.0,10.135,6136.439,False,False,False
1,Melbourne,2025-03-16 04:00:00+00:00,23,Alexander ALBON,Williams,5.0,10.0,57.0,12.773,6139.077,False,False,False
1,Melbourne,2025-03-16 04:00:00+00:00,18,Lance STROLL,Aston Martin,6.0,8.0,57.0,17.413,6143.717,False,False,False
1,Melbourne,2025-03-16 04:00:00+00:00,27,Nico HULKENBERG,Kick Sauber,7.0,6.0,57.0,18.423,6144.727,False,False,False
1,Melbourne,2025-03-16 04:00:00+00:00,16,Charles LECLERC,Ferrari,8.0,4.0,57.0,19.826,6146.13,False,False,False
1,Melbourne,2025-03-16 04:00:00+00:00,81,Oscar PIASTRI,McLaren,9.0,2.0,57.0,20.448,6146.752,False,False,False
1,Melbourne,2025-03-16 04:00:00+00:00,44,Lewis HAMILTON,Ferrari,10.0,1.0,57.0,22.473,6148.777,False,False,False
1,Melbourne,2025-03-16 04:00:00+00:00,10,Pierre GASLY,Alpine,11.0,0.0,57.0,26.502,6152.806,False,False,False
1,Melbourne,2025-03-16 04:00:00+00:00,22,Yuki TSUNODA,Red Bull Racing,12.0,0.0,57.0,29.884,6156.188,False,False,False
1,Melbourne,2025-03-16 04:00:00+00:00,31,Esteban OCON,Haas F1 Team,13.0,0.0,57.0,33.161,6159.465,False,False,False
1,Melbourne,2025-03-16 04:00:00+00:00,87,Oliver BEARMAN,Haas F1 Team,14.0,0.0,57.0,40.351,6166.655,False,False,False
1,Melbourne,2025-03-16 04:00:00+00:00,30,Liam LAWSON,Racing Bulls,,0.0,46.0,,,True,False,False
1,Melbourne,2025-03-16 04:00:00+00:00,5,Gabriel BORTOLETO,Kick Sauber,,0.0,45.0,,,True,False,False
1,Melbourne,2025-03-16 04:00:00+00:00,14,Fernando ALONSO,Aston Martin,,0.0,32.0,,,True,False,False
1,Melbourne,2025-03-16 04:00:00+00:00,55,Carlos SAINZ,Williams,,0.0,0.0,,,True,False,False
1,Melbourne,2025-03-16 04:00:00+00:00,7,Jack DOOHAN,Alpine,,0.0,0.0,,,True,False,False
1,Melbourne,2025-03-16 04:00:00+00:00,6,Isack HADJAR,Racing Bulls,,0.0,0.0,,,False,True,False
2,Shanghai,2025-03-23 07:00:00+00:00,81,Oscar PIASTRI,McLaren,1.0,25.0,56.0,0,5455.026,False,False,False
2,Shanghai,2025-03-23 07:00:00+00:00,4,Lando NORRIS,McLaren,2.0,18.0,56.0,9.748,5464.774,False,False,False
2,Shanghai,2025-03-23 07:00:00+00:00,63,George RUSSELL,Mercedes,3.0,15.0,56.0,11.097,5466.123,False,False,False
2,Shanghai,2025-03-23 07:00:00+00:00,1,Max VERSTAPPEN,Red Bull Racing,4.0,12.0,56.0,16.656,5471.682,False,False,False
2,Shanghai,2025-03-23 07:00:00+00:00,31,Esteban OCON,Haas F1 Team,5.0,10.0,56.0,49.969,5504.995,False,False,False
2,Shanghai,2025-03-23 07:00:00+00:00,12,Kimi ANTONELLI,Mercedes,6.0,8.0,56.0,53.748,5508.774,False,False,False
2,Shanghai,2025-03-23 07:00:00+00:00,23,Alexander ALBON,Williams,7.0,6.0,56.0,56.321,5511.347,False,False,False
2,Shanghai,2025-03-23 07:00:00+00:00,87,Oliver BEARMAN,Haas F1 Team,8.0,4.0,56.0,61.303,5516.329,False,False,False
2,Shanghai,2025-03-23 07:00:00+00:00,18,Lance STROLL,Aston Martin,9.0,2.0,56.0,70.204,5525.23,False,False,False
2,Shanghai,2025-03-23 07:00:00+00:00,55,Carlos SAINZ,Williams,10.0,1.0,56.0,76.387,5531.413,False,False,False
2,Shanghai,2025-03-23 07:00:00+00:00,6,Isack HADJAR,Racing Bulls,11.0,0.0,56.0,78.875,5533.901,False,False,False
2,Shanghai,2025-03-23 07:00:00+00:00,30,Liam LAWSON,Racing Bulls,12.0,0.0,56.0,81.147,5536.173,False,False,False
2,Shanghai,2025-03-23 07:00:00+00:00,7,Jack DOOHAN,Alpine,13.0,0.0,56.0,88.401,5543.427,False,False,False
2,Shanghai,2025-03-23 07:00:00+00:00,5,Gabriel BORTOLETO,Kick Sauber,14.0,0.0,55.0,+1 LAP,,False,False,False
2,Shanghai,2025-03-23 07:00:00+00:00,27,Nico HULKENBERG,Kick Sauber,15.0,0.0,55.0,+1 LAP,,False,False,False
2,Shanghai,2025-03-23 07:00:00+00:00,22,Yuki TSUNODA,Red Bull Racing,16.0,0.0,55.0,+1 LAP,,False,False,False
2,Shanghai,2025-03-23 07:00:00+00:00,14,Fernando ALONSO,Aston Martin,,0.0,4.0,,,True,False,False
2,Shanghai,2025-03-23 07:00:00+00:00,16,Charles LECLERC,Ferrari,,0.0,,,,False,False,True
2,Shanghai,2025-03-23 07:00:00+00:00,44,Lewis HAMILTON,Ferrari,,0.0,,,,False,False,True
2,Shanghai,2025-03-23 07:00:00+00:00,10,Pierre GASLY,Alpine,,0.0,,,,False,False,True
3,Suzuka,2025-04-06 05:00:00+00:00,1,Max VERSTAPPEN,Red Bull Racing,1.0,25.0,53.0,0,4926.983,False,False,False
3,Suzuka,2025-04-06 05:00:00+00:00,4,Lando NORRIS,McLaren,2.0,18.0,53.0,1.423,4928.406,False,False,False
3,Suzuka,2025-04-06 05:00:00+00:00,81,Oscar PIASTRI,McLaren,3.0,15.0,53.0,2.129,4929.112,False,False,False
3,Suzuka,2025-04-06 05:00:00+00:00,16,Charles LECLERC,Ferrari,4.0,12.0,53.0,16.097,4943.08,False,False,False
3,Suzuka,2025-04-06 05:00:00+00:00,63,George RUSSELL,Mercedes,5.0,10.0,53.0,17.362,4944.345,False,False,False
3,Suzuka,2025-04-06 05:00:00+00:00,12,Kimi ANTONELLI,Mercedes,6.0,8.0,53.0,18.671,4945.654,False,False,False
3,Suzuka,2025-04-06 05:00:00+00:00,44,Lewis HAMILTON,Ferrari,7.0,6.0,53.0,29.182,4956.165,False,False,False
3,Suzuka,2025-04-06 05:00:00+00:00,6,Isack HADJAR,Racing Bulls,8.0,4.0,53.0,37.134,4964.117,False,False,False
3,Suzuka,2025-04-06 05:00:00+00:00,23,Alexander ALBON,Williams,9.0,2.0,53.0,40.367,4967.35,False,False,False
3,Suzuka,2025-04-06 05:00:00+00:00,87,Oliver BEARMAN,Haas F1 Team,10.0,1.0,53.0,54.529,4981.512,False,False,False
3,Suzuka,2025-04-06 05:00:00+00:00,14,Fernando ALONSO,Aston Martin,11.0,0.0,53.0,57.333,4984.316,False,False,False
3,Suzuka,2025-04-06 05:00:00+00:00,22,Yuki TSUNODA,Red Bull Racing,12.0,0.0,53.0,58.401,4985.384,False,False,False
3,Suzuka,2025-04-06 05:00:00+00:00,10,Pierre GASLY,Alpine,13.0,0.0,53.0,62.122,4989.105,False,False,False
3,Suzuka,2025-04-06 05:00:00+00:00,55,Carlos SAINZ,Williams,14.0,0.0,53.0,74.129,5001.112,False,False,False
3,Suzuka,2025-04-06 05:00:00+00:00,7,Jack DOOHAN,Alpine,15.0,0.0,53.0,81.314,5008.297,False,False,False
3,Suzuka,2025-04-06 05:00:00+00:00,27,Nico HULKENBERG,Kick Sauber,16.0,0.0,53.0,81.957,5008.94,False,False,False
3,Suzuka,2025-04-06 05:00:00+00:00,30,Liam LAWSON,Racing Bulls,17.0,0.0,53.0,82.734,5009.717,False,False,False
3,Suzuka,2025-04-06 05:00:00+00:00,31,Esteban OCON,Haas F1 Team,18.0,0.0,53.0,83.438,5010.421,False,False,False
3,Suzuka,2025-04-06 05:00:00+00:00,5,Gabriel BORTOLETO,Kick Sauber,19.0,0.0,53.0,83.897,5010.88,False,False,False
3,Suzuka,2025-04-06 05:00:00+00:00,18,Lance STROLL,Aston Martin,20.0,0.0,52.0,+1 LAP,,False,False,False
4,Sakhir,2025-04-13 15:00:00+00:00,81,Oscar PIASTRI,McLaren,1.0,25.0,57.0,0,5739.435,False,False,False
4,Sakhir,2025-04-13 15:00:00+00:00,63,George RUSSELL,Mercedes,2.0,18.0,57.0,15.499,5754.934,False,False,False
4,Sakhir,2025-04-13 15:00:00+00:00,4,Lando NORRIS,McLaren,3.0,15.0,57.0,16.273,5755.708,False,False,False
4,Sakhir,2025-04-13 15:00:00+00:00,16,Charles LECLERC,Ferrari,4.0,12.0,57.0,19.679,5759.114,False,False,False
4,Sakhir,2025-04-13 15:00:00+00:00,44,Lewis HAMILTON,Ferrari,5.0,10.0,57.0,27.993,5767.428,False,False,False
4,Sakhir,2025-04-13 15:00:00+00:00,1,Max VERSTAPPEN,Red Bull Racing,6.0,8.0,57.0,34.395,5773.83,False,False,False
4,Sakhir,2025-04-13 15:00:00+00:00,10,Pierre GASLY,Alpine,7.0,6.0,57.0,36.002,5775.437,False,False,False
4,Sakhir,2025-04-13 15:00:00+00:00,31,Esteban OCON,Haas F1 Team,8.0,4.0,57.0,44.244,5783.679,False,False,False
4,Sakhir,2025-04-13 15:00:00+00:00,22,Yuki TSUNODA,Red Bull Racing,9.0,2.0,57.0,45.061,5784.496,False,False,False
4,Sakhir,2025-04-13 15:00:00+00:00,87,Oliver BEARMAN,Haas F1 Team,10.0,1.0,57.0,47.594,5787.029,False,False,False
4,Sakhir,2025-04-13 15:00:00+00:00,12,Kimi ANTONELLI,Mercedes,11.0,0.0,57.0,48.016,5787.451,False,False,False
4,Sakhir,2025-04-13 15:00:00+00:00,23,Alexander ALBON,Williams,12.0,0.0,57.0,48.839,5788.274,False,False,False
4,Sakhir,2025-04-13 15:00:00+00:00,6,Isack HADJAR,Racing Bulls,13.0,0.0,57.0,56.314,5795.749,False,False,False
4,Sakhir,2025-04-13 15:00:00+00:00,7,Jack DOOHAN,Alpine,14.0,0.0,57.0,57.806,5797.241,False,False,False
4,Sakhir,2025-04-13 15:00:00+00:00,14,Fernando ALONSO,Aston Martin,15.0,0.0,57.0,60.34,5799.775,False,False,False
4,Sakhir,2025-04-13 15:00:00+00:00,30,Liam LAWSON,Racing Bulls,16.0,0.0,57.0,64.435,5803.87,False,False,False
4,Sakhir,2025-04-13 15:00:00+00:00,18,Lance STROLL,Aston Martin,17.0,0.0,57.0,65.489,5804.924,False,False,False
4,Sakhir,2025-04-13 15:00:00+00:00,5,Gabriel BORTOLETO,Kick Sauber,18.0,0.0,57.0,66.872,5806.307,False,False,False
4,Sakhir,2025-04-13 15:00:00+00:00,55,Carlos SAINZ,Williams,,0.0,45.0,,,True,False,False
4,Sakhir,2025-04-13 15:00:00+00:00,27,Nico HULKENBERG,Kick Sauber,,0.0,,,,False,False,True
5,Jeddah,2025-04-20 17:00:00+00:00,81,Oscar PIASTRI,McLaren,1.0,25.0,50.0,0,4866.758,False,False,False
5,Jeddah,2025-04-20 17:00:00+00:00,1,Max VERSTAPPEN,Red Bull Racing,2.0,18.0,50.0,2.843,4869.601,False,False,False
5,Jeddah,2025-04-20 17:00:00+00:00,16,Charles LECLERC,Ferrari,3.0,15.0,50.0,8.104,4874.862,False,False,False
5,Jeddah,2025-04-20 17:00:00+00:00,4,Lando NORRIS,McLaren,4.0,12.0,50.0,9.196,4875.954,False,False,False
5,Jeddah,2025-04-20 17:00:00+00:00,63,George RUSSELL,Mercedes,5.0,10.0,50.0,27.236,4893.994,False,False,False
5,Jeddah,2025-04-20 17:00:00+00:00,12,Kimi ANTONELLI,Mercedes,6.0,8.0,50.0,34.688,4901.446,False,False,False
5,Jeddah,2025-04-20 17:00:00+00:00,44,Lewis HAMILTON,Ferrari,7.0,6.0,50.0,39.073,4905.831,False,False,False
5,Jeddah,2025-04-20 17:00:00+00:00,55,Carlos SAINZ,Williams,8.0,4.0,50.0,64.63,4931.388,False,False,False
5,Jeddah,2025-04-20 17:00:00+00:00,23,Alexander ALBON,Williams,9.0,2.0,50.0,66.515,4933.273,False,False,False
5,Jeddah,2025-04-20 17:00:00+00:00,6,Isack HADJAR,Racing Bulls,10.0,1.0,50.0,67.091,4933.849,False,False,False
5,Jeddah,2025-04-20 17:00:00+00:00,14,Fernando ALONSO,Aston Martin,11.0,0.0,50.0,75.917,4942.675,False,False,False
5,Jeddah,2025-04-20 17:00:00+00:00,30,Liam LAWSON,Racing Bulls,12.0,0.0,50.0,78.451,4945.209,False,False,False
5,Jeddah,2025-04-20 17:00:00+00:00,87,Oliver BEARMAN,Haas F1 Team,13.0,0.0,50.0,79.194,4945.952,False,False,False
5,Jeddah,2025-04-20 17:00:00+00:00,31,Esteban OCON,Haas F1 Team,14.0,0.0,50.0,99.723,4966.481,False,False,False
5,Jeddah,2025-04-20 17:00:00+00:00,27,Nico HULKENBERG,Kick Sauber,15.0,0.0,49.0,+1 LAP,,False,False,False
5,Jeddah,2025-04-20 17:00:00+00:00,18,Lance STROLL,Aston Martin,16.0,0.0,49.0,+1 LAP,,False,False,False
5,Jeddah,2025-04-20 17:00:00+00:00,7,Jack DOOHAN,Alpine,17.0,0.0,49.0,+1 LAP,,False,False,False
5,Jeddah,2025-04-20 17:00:00+00:00,5,Gabriel BORTOLETO,Kick Sauber,18.0,0.0,49.0,+1 LAP,,False,False,False
5,Jeddah,2025-04-20 17:00:00+00:00,22,Yuki TSUNODA,Red Bull Racing,,0.0,1.0,,,True,False,False
5,Jeddah,2025-04-20 17:00:00+00:00,10,Pierre GASLY,Alpine,,0.0,0.0,,,True,False,False
6,Miami Gardens,2025-05-04 20:00:00+00:00,81,Oscar PIASTRI,McLaren,1.0,25.0,57.0,0,5331.587,False,False,False
6,Miami Gardens,2025-05-04 20:00:00+00:00,4,Lando NORRIS,McLaren,2.0,18.0,57.0,4.63,5336.217,False,False,False
6,Miami Gardens,2025-05-04 20:00:00+00:00,63,George RUSSELL,Mercedes,3.0,15.0,57.0,37.644,5369.231,False,False,False
6,Miami Gardens,2025-05-04 20:00:00+00:00,1,Max VERSTAPPEN,Red Bull Racing,4.0,12.0,57.0,39.956,5371.543,False,False,False
6,Miami Gardens,2025-05-04 20:00:00+00:00,23,Alexander ALBON,Williams,5.0,10.0,57.0,48.067,5379.654,False,False,False
6,Miami Gardens,2025-05-04 20:00:00+00:00,12,Kimi ANTONELLI,Mercedes,6.0,8.0,57.0,55.502,5387.089,False,False,False
6,Miami Gardens,2025-05-04 20:00:00+00:00,16,Charles LECLERC,Ferrari,7.0,6.0,57.0,57.036,5388.623,False,False,False
6,Miami Gardens,2025-05-04 20:00:00+00:00,44,Lewis HAMILTON,Ferrari,8.0,4.0,57.0,60.186,5391.773,False,False,False
6,Miami Gardens,2025-05-04 20:00:00+00:00,55,Carlos SAINZ,Williams,9.0,2.0,57.0,60.577,5392.164,False,False,False
6,Miami Gardens,2025-05-04 20:00:00+00:00,22,Yuki TSUNODA,Red Bull Racing,10.0,1.0,57.0,74.434,5406.021,False,False,False
6,Miami Gardens,2025-05-04 20:00:00+00:00,6,Isack HADJAR,Racing Bulls,11.0,0.0,57.0,74.602,5406.189,False,False,False
6,Miami Gardens,2025-05-04 20:00:00+00:00,31,Esteban OCON,Haas F1 Team,12.0,0.0,57.0,82.006,5413.593,False,False,False
6,Miami Gardens,2025-05-04 20:00:00+00:00,10,Pierre GASLY,Alpine,13.0,0.0,57.0,90.445,5422.032,False,False,False
6,Miami Gardens,2025-05-04 20:00:00+00:00,27,Nico HULKENBERG,Kick Sauber,14.0,0.0,56.0,+1 LAP,,False,False,False
6,Miami Gardens,2025-05-04 20:00:00+00:00,14,Fernando ALONSO,Aston Martin,15.0,0.0,56.0,+1 LAP,,False,False,False
6,Miami Gardens,2025-05-04 20:00:00+00:00,18,Lance STROLL,Aston Martin,16.0,0.0,56.0,+1 LAP,,False,False,False
6,Miami Gardens,2025-05-04 20:00:00+00:00,30,Liam LAWSON,Racing Bulls,,0.0,36.0,,,True,False,False
6,Miami Gardens,2025-05-04 20:00:00+00:00,5,Gabriel BORTOLETO,Kick Sauber,,0.0,30.0,,,True,False,False
6,Miami Gardens,2025-05-04 20:00:00+00:00,87,Oliver BEARMAN,Haas F1 Team,,0.0,27.0,,,True,False,False
6,Miami Gardens,2025-05-04 20:00:00+00:00,7,Jack DOOHAN,Alpine,,0.0,0.0,,,True,False,False
7,Imola,2025-05-18 13:00:00+00:00,1,Max VERSTAPPEN,Red Bull Racing,1.0,25.0,63.0,0,5493.199,False,False,False
7,Imola,2025-05-18 13:00:00+00:00,4,Lando NORRIS,McLaren,2.0,18.0,63.0,6.109,5499.308,False,False,False
7,Imola,2025-05-18 13:00:00+00:00,81,Oscar PIASTRI,McLaren,3.0,15.0,63.0,12.956,5506.155,False,False,False
7,Imola,2025-05-18 13:00:00+00:00,44,Lewis HAMILTON,Ferrari,4.0,12.0,63.0,14.356,5507.555,False,False,False
7,Imola,2025-05-18 13:00:00+00:00,23,Alexander ALBON,Williams,5.0,10.0,63.0,17.945,5511.144,False,False,False
7,Imola,2025-05-18 13:00:00+00:00,16,Charles LECLERC,Ferrari,6.0,8.0,63.0,20.774,5513.973,False,False,False
7,Imola,2025-05-18 13:00:00+00:00,63,George RUSSELL,Mercedes,7.0,6.0,63.0,22.034,5515.233,False,False,False
7,Imola,2025-05-18 13:00:00+00:00,55,Carlos SAINZ,Williams,8.0,4.0,63.0,22.898,5516.097,False,False,False
7,Imola,2025-05-18 13:00:00+00:00,6,Isack HADJAR,Racing Bulls,9.0,2.0,63.0,23.586,5516.785,False,False,False
7,Imola,2025-05-18 13:00:00+00:00,22,Yuki TSUNODA,Red Bull Racing,10.0,1.0,63.0,26.446,5519.645,False,False,False
7,Imola,2025-05-18 13:00:00+00:00,14,Fernando ALONSO,Aston Martin,11.0,0.0,63.0,27.25,5520.449,False,False,False
7,Imola,2025-05-18 13:00:00+00:00,27,Nico HULKENBERG,Kick Sauber,12.0,0.0,63.0,30.296,5523.495,False,False,False
7,Imola,2025-05-18 13:00:00+00:00,10,Pierre GASLY,Alpine,13.0,0.0,63.0,31.424,5524.623,False,False,False
7,Imola,2025-05-18 13:00:00+00:00,30,Liam LAWSON,Racing Bulls,14.0,0.0,63.0,32.511,5525.71,False,False,False
7,Imola,2025-05-18 13:00:00+00:00,18,Lance STROLL,Aston Martin,15.0,0.0,63.0,32.993,5526.192,False,False,False
7,Imola,2025-05-18 13:00:00+00:00,43,Franco COLAPINTO,Alpine,16.0,0.0,63.0,33.411,5526.61,False,False,False
7,Imola,2025-05-18 13:00:00+00:00,87,Oliver BEARMAN,Haas F1 Team,17.0,0.0,63.0,33.808,5527.007,False,False,False
7,Imola,2025-05-18 13:00:00+00:00,5,Gabriel BORTOLETO,Kick Sauber,18.0,0.0,63.0,38.572,5531.771,False,False,False
7,Imola,2025-05-18 13:00:00+00:00,12,Kimi ANTONELLI,Mercedes,,0.0,44.0,,,True,False,False
7,Imola,2025-05-18 13:00:00+00:00,31,Esteban OCON,Haas F1 Team,,0.0,27.0,,,True,False,False
8,Monaco,2025-05-25 13:00:00+00:00,4,Lando NORRIS,McLaren,1.0,25.0,78.0,0,6033.843,False,False,False
8,Monaco,2025-05-25 13:00:00+00:00,16,Charles LECLERC,Ferrari,2.0,18.0,78.0,3.131,6036.974,False,False,False
8,Monaco,2025-05-25 13:00:00+00:00,81,Oscar PIASTRI,McLaren,3.0,15.0,78.0,3.658,6037.501,False,False,False
8,Monaco,2025-05-25 13:00:00+00:00,1,Max VERSTAPPEN,Red Bull Racing,4.0,12.0,78.0,20.572,6054.415,False,False,False
8,Monaco,2025-05-25 13:00:00+00:00,44,Lewis HAMILTON,Ferrari,5.0,10.0,78.0,51.387,6085.23,False,False,False
8,Monaco,2025-05-25 13:00:00+00:00,6,Isack HADJAR,Racing Bulls,6.0,8.0,77.0,+1 LAP,,False,False,False
8,Monaco,2025-05-25 13:00:00+00:00,31,Esteban OCON,Haas F1 Team,7.0,6.0,77.0,+1 LAP,,False,False,False
8,Monaco,2025-05-25 13:00:00+00:00,30,Liam LAWSON,Racing Bulls,8.0,4.0,77.0,+1 LAP,,False,False,False
8,Monaco,2025-05-25 13:00:00+00:00,23,Alexander ALBON,Williams,9.0,2.0,76.0,+2 LAPS,,False,False,False
8,Monaco,2025-05-25 13:00:00+00:00,55,Carlos SAINZ,Williams,10.0,1.0,76.0,+2 LAPS,,False,False,False
8,Monaco,2025-05-25 13:00:00+00:00,63,George RUSSELL,Mercedes,11.0,0.0,76.0,+2 LAPS,,False,False,False
8,Monaco,2025-05-25 13:00:00+00:00,87,Oliver BEARMAN,Haas F1 Team,12.0,0.0,76.0,+2 LAPS,,False,False,False
8,Monaco,2025-05-25 13:00:00+00:00,43,Franco COLAPINTO,Alpine,13.0,0.0,76.0,+2 LAPS,,False,False,False
8,Monaco,2025-05-25 13:00:00+00:00,5,Gabriel BORTOLETO,Kick Sauber,14.0,0.0,76.0,+2 LAPS,,False,False,False
8,Monaco,2025-05-25 13:00:00+00:00,18,Lance STROLL,Aston Martin,15.0,0.0,76.0,+2 LAPS,,False,False,False
8,Monaco,2025-05-25 13:00:00+00:00,27,Nico HULKENBERG,Kick Sauber,16.0,0.0,76.0,+2 LAPS,,False,False,False
8,Monaco,2025-05-25 13:00:00+00:00,22,Yuki TSUNODA,Red Bull Racing,17.0,0.0,76.0,+2 LAPS,,False,False,False
8,Monaco,2025-05-25 13:00:00+00:00,12,Kimi ANTONELLI,Mercedes,18.0,0.0,75.0,+3 LAPS,,False,False,False
8,Monaco,2025-05-25 13:00:00+00:00,14,Fernando ALONSO,Aston Martin,,0.0,36.0,,,True,False,False
8,Monaco,2025-05-25 13:00:00+00:00,10,Pierre GASLY,Alpine,,0.0,7.0,,,True,False,False
9,Barcelona,2025-06-01 13:00:00+00:00,81,Oscar PIASTRI,McLaren,1.0,25.0,66.0,0,5577.375,False,False,False
9,Barcelona,2025-06-01 13:00:00+00:00,4,Lando NORRIS,McLaren,2.0,18.0,66.0,2.471,5579.846,False,False,False
9,Barcelona,2025-06-01 13:00:00+00:00,16,Charles LECLERC,Ferrari,3.0,15.0,66.0,10.455,5587.83,False,False,False
9,Barcelona,2025-06-01 13:00:00+00:00,63,George RUSSELL,Mercedes,4.0,12.0,66.0,11.359,5588.734,False,False,False
9,Barcelona,2025-06-01 13:00:00+00:00,27,Nico HULKENBERG,Kick Sauber,5.0,10.0,66.0,13.648,5591.023,False,False,False
9,Barcelona,2025-06-01 13:00:00+00:00,44,Lewis HAMILTON,Ferrari,6.0,8.0,66.0,15.508,5592.883,False,False,False
9,Barcelona,2025-06-01 13:00:00+00:00,6,Isack HADJAR,Racing Bulls,7.0,6.0,66.0,16.022,5593.397,False,False,False
9,Barcelona,2025-06-01 13:00:00+00:00,10,Pierre GASLY,Alpine,8.0,4.0,66.0,17.882,5595.257,False,False,False
9,Barcelona,2025-06-01 13:00:00+00:00,14,Fernando ALONSO,Aston Martin,9.0,2.0,66.0,21.564,5598.939,False,False,False
9,Barcelona,2025-06-01 13:00:00+00:00,1,Max VERSTAPPEN,Red Bull Racing,10.0,1.0,66.0,21.826,5599.201,False,False,False
9,Barcelona,2025-06-01 13:00:00+00:00,30,Liam LAWSON,Racing Bulls,11.0,0.0,66.0,25.532,5602.907,False,False,False
9,Barcelona,2025-06-01 13:00:00+00:00,5,Gabriel BORTOLETO,Kick Sauber,12.0,0.0,66.0,25.996,5603.371,False,False,False
9,Barcelona,2025-06-01 13:00:00+00:00,22,Yuki TSUNODA,Red Bull Racing,13.0,0.0,66.0,28.822,5606.197,False,False,False
9,Barcelona,2025-06-01 13:00:00+00:00,55,Carlos SAINZ,Williams,14.0,0.0,66.0,29.309,5606.684,False,False,False
9,Barcelona,2025-06-01 13:00:00+00:00,43,Franco COLAPINTO,Alpine,15.0,0.0,66.0,31.381,5608.756,False,False,False
9,Barcelona,2025-06-01 13:00:00+00:00,31,Esteban OCON,Haas F1 Team,16.0,0.0,66.0,32.197,5609.572,False,False,False
9,Barcelona,2025-06-01 13:00:00+00:00,87,Oliver BEARMAN,Haas F1 Team,17.0,0.0,66.0,37.065,5614.44,False,False,False
9,Barcelona,2025-06-01 13:00:00+00:00,12,Kimi ANTONELLI,Mercedes,,0.0,53.0,,,True,False,False
9,Barcelona,2025-06-01 13:00:00+00:00,23,Alexander ALBON,Williams,,0.0,27.0,,,True,False,False
10,Montréal,2025-06-15 18:00:00+00:00,63,George RUSSELL,Mercedes,1.0,25.0,70.0,0,5512.688,False,False,False
10,Montréal,2025-06-15 18:00:00+00:00,1,Max VERSTAPPEN,Red Bull Racing,2.0,18.0,70.0,0.228,5512.916,False,False,False
10,Montréal,2025-06-15 18:00:00+00:00,12,Kimi ANTONELLI,Mercedes,3.0,15.0,70.0,1.014,5513.702,False,False,False
10,Montréal,2025-06-15 18:00:00+00:00,81,Oscar PIASTRI,McLaren,4.0,12.0,70.0,2.109,5514.797,False,False,False
10,Montréal,2025-06-15 18:00:00+00:00,16,Charles LECLERC,Ferrari,5.0,10.0,70.0,3.442,5516.13,False,False,False
10,Montréal,2025-06-15 18:00:00+00:00,44,Lewis HAMILTON,Ferrari,6.0,8.0,70.0,10.713,5523.401,False,False,False
10,Montréal,2025-06-15 18:00:00+00:00,14,Fernando ALONSO,Aston Martin,7.0,6.0,70.0,10.972,5523.66,False,False,False
10,Montréal,2025-06-15 18:00:00+00:00,27,Nico HULKENBERG,Kick Sauber,8.0,4.0,70.0,15.364,5528.052,False,False,False
10,Montréal,2025-06-15 18:00:00+00:00,31,Esteban OCON,Haas F1 Team,9.0,2.0,69.0,+1 LAP,,False,False,False
10,Montréal,2025-06-15 18:00:00+00:00,55,Carlos SAINZ,Williams,10.0,1.0,69.0,+1 LAP,,False,False,False
10,Montréal,2025-06-15 18:00:00+00:00,87,Oliver BEARMAN,Haas F1 Team,11.0,0.0,69.0,+1 LAP,,False,False,False
10,Montréal,2025-06-15 18:00:00+00:00,22,Yuki TSUNODA,Red Bull Racing,12.0,0.0,69.0,+1 LAP,,False,False,False
10,Montréal,2025-06-15 18:00:00+00:00,43,Franco COLAPINTO,Alpine,13.0,0.0,69.0,+1 LAP,,False,False,False
10,Montréal,2025-06-15 18:00:00+00:00,5,Gabriel BORTOLETO,Kick Sauber,14.0,0.0,69.0,+1 LAP,,False,False,False
10,Montréal,2025-06-15 18:00:00+00:00,10,Pierre GASLY,Alpine,15.0,0.0,69.0,+1 LAP,,False,False,False
10,Montréal,2025-06-15 18:00:00+00:00,6,Isack HADJAR,Racing Bulls,16.0,0.0,69.0,+1 LAP,,False,False,False
10,Montréal,2025-06-15 18:00:00+00:00,18,Lance STROLL,Aston Martin,17.0,0.0,69.0,+1 LAP,,False,False,False
10,Montréal,2025-06-15 18:00:00+00:00,4,Lando NORRIS,McLaren,18.0,0.0,66.0,,,True,False,False
10,Montréal,2025-06-15 18:00:00+00:00,30,Liam LAWSON,Racing Bulls,,0.0,53.0,,,True,False,False
10,Montréal,2025-06-15 18:00:00+00:00,23,Alexander ALBON,Williams,,0.0,46.0,,,True,False,False
11,Spielberg,2025-06-29 13:00:00+00:00,4,Lando NORRIS,McLaren,1.0,25.0,70.0,0,5027.693,False,False,False
11,Spielberg,2025-06-29 13:00:00+00:00,81,Oscar PIASTRI,McLaren,2.0,18.0,70.0,2.695,5030.388,False,False,False
11,Spielberg,2025-06-29 13:00:00+00:00,16,Charles LECLERC,Ferrari,3.0,15.0,70.0,19.82,5047.513,False,False,False
11,Spielberg,2025-06-29 13:00:00+00:00,44,Lewis HAMILTON,Ferrari,4.0,12.0,70.0,29.02,5056.713,False,False,False
11,Spielberg,2025-06-29 13:00:00+00:00,63,George RUSSELL,Mercedes,5.0,10.0,70.0,62.396,5090.089,False,False,False
11,Spielberg,2025-06-29 13:00:00+00:00,30,Liam LAWSON,Racing Bulls,6.0,8.0,70.0,67.754,5095.447,False,False,False
11,Spielberg,2025-06-29 13:00:00+00:00,14,Fernando ALONSO,Aston Martin,7.0,6.0,69.0,+1 LAP,,False,False,False
11,Spielberg,2025-06-29 13:00:00+00:00,5,Gabriel BORTOLETO,Kick Sauber,8.0,4.0,69.0,+1 LAP,,False,False,False
11,Spielberg,2025-06-29 13:00:00+00:00,27,Nico HULKENBERG,Kick Sauber,9.0,2.0,69.0,+1 LAP,,False,False,False
11,Spielberg,2025-06-29 13:00:00+00:00,31,Esteban OCON,Haas F1 Team,10.0,1.0,69.0,+1 LAP,,False,False,False
11,Spielberg,2025-06-29 13:00:00+00:00,87,Oliver BEARMAN,Haas F1 Team,11.0,0.0,69.0,+1 LAP,,False,False,False
11,Spielberg,2025-06-29 13:00:00+00:00,6,Isack HADJAR,Racing Bulls,12.0,0.0,69.0,+1 LAP,,False,False,False
11,Spielberg,2025-06-29 13:00:00+00:00,10,Pierre GASLY,Alpine,13.0,0.0,69.0,+1 LAP,,False,False,False
11,Spielberg,2025-06-29 13:00:00+00:00,18,Lance STROLL,Aston Martin,14.0,0.0,69.0,+1 LAP,,False,False,False
11,Spielberg,2025-06-29 13:00:00+00:00,43,Franco COLAPINTO,Alpine,15.0,0.0,69.0,+1 LAP,,False,False,False
11,Spielberg,2025-06-29 13:00:00+00:00,22,Yuki TSUNODA,Red Bull Racing,16.0,0.0,68.0,+2 LAPS,,False,False,False
11,Spielberg,2025-06-29 13:00:00+00:00,23,Alexander ALBON,Williams,,0.0,15.0,,,True,False,False
11,Spielberg,2025-06-29 13:00:00+00:00,1,Max VERSTAPPEN,Red Bull Racing,,0.0,0.0,,,True,False,False
11,Spielberg,2025-06-29 13:00:00+00:00,12,Kimi ANTONELLI,Mercedes,,0.0,0.0,,,True,False,False
11,Spielberg,2025-06-29 13:00:00+00:00,55,Carlos SAINZ,Williams,,0.0,0.0,,,False,True,False
12,Silverstone,2025-07-06 14:00:00+00:00,4,Lando NORRIS,McLaren,1.0,25.0,52.0,0,5835.735,False,False,False
12,Silverstone,2025-07-06 14:00:00+00:00,81,Oscar PIASTRI,McLaren,2.0,18.0,52.0,6.812,5842.547,False,False,False
12,Silverstone,2025-07-06 14:00:00+00:00,27,Nico HULKENBERG,Kick Sauber,3.0,15.0,52.0,34.742,5870.477,False,False,False
12,Silverstone,2025-07-06 14:00:00+00:00,44,Lewis HAMILTON,Ferrari,4.0,12.0,52.0,39.812,5875.547,False,False,False
12,Silverstone,2025-07-06 14:00:00+00:00,1,Max VERSTAPPEN,Red Bull Racing,5.0,10.0,52.0,56.781,5892.516,False,False,False
12,Silverstone,2025-07-06 14:00:00+00:00,10,Pierre GASLY,Alpine,6.0,8.0,52.0,59.857,5895.592,False,False,False
12,Silverstone,2025-07-06 14:00:00+00:00,18,Lance STROLL,Aston Martin,7.0,6.0,52.0,60.603,5896.338,False,False,False
12,Silverstone,2025-07-06 14:00:00+00:00,23,Alexander ALBON,Williams,8.0,4.0,52.0,64.135,5899.87,False,False,False
12,Silverstone,2025-07-06 14:00:00+00:00,14,Fernando ALONSO,Aston Martin,9.0,2.0,52.0,65.858,5901.593,False,False,False
12,Silverstone,2025-07-06 14:00:00+00:00,63,George RUSSELL,Mercedes,10.0,1.0,52.0,70.674,5906.409,False,False,False
12,Silverstone,2025-07-06 14:00:00+00:00,87,Oliver BEARMAN,Haas F1 Team,11.0,0.0,52.0,72.095,5907.83,False,False,False
12,Silverstone,2025-07-06 14:00:00+00:00,55,Carlos SAINZ,Williams,12.0,0.0,52.0,76.592,5912.327,False,False,False
12,Silverstone,2025-07-06 14:00:00+00:00,31,Esteban OCON,Haas F1 Team,13.0,0.0,52.0,77.301,5913.036,False,False,False
12,Silverstone,2025-07-06 14:00:00+00:00,16,Charles LECLERC,Ferrari,14.0,0.0,52.0,84.477,5920.212,False,False,False
12,Silverstone,2025-07-06 14:00:00+00:00,22,Yuki TSUNODA,Red Bull Racing,15.0,0.0,51.0,+1 LAP,,False,False,False
12,Silverstone,2025-07-06 14:00:00+00:00,12,Kimi ANTONELLI,Mercedes,,0.0,23.0,,,True,False,False
12,Silverstone,2025-07-06 14:00:00+00:00,6,Isack HADJAR,Racing Bulls,,0.0,17.0,,,True,False,False
12,Silverstone,2025-07-06 14:00:00+00:00,5,Gabriel BORTOLETO,Kick Sauber,,0.0,3.0,,,True,False,False
12,Silverstone,2025-07-06 14:00:00+00:00,30,Liam LAWSON,Racing Bulls,,0.0,0.0,,,True,False,False
12,Silverstone,2025-07-06 14:00:00+00:00,43,Franco COLAPINTO,Alpine,,0.0,0.0,,,False,True,False
13,Spa-Francorchamps,2025-07-27 13:00:00+00:00,81,Oscar PIASTRI,McLaren,1.0,25.0,44.0,0,5122.601,False,False,False
13,Spa-Francorchamps,2025-07-27 13:00:00+00:00,4,Lando NORRIS,McLaren,2.0,18.0,44.0,3.415,5126.016,False,False,False
13,Spa-Francorchamps,2025-07-27 13:00:00+00:00,16,Charles LECLERC,Ferrari,3.0,15.0,44.0,20.185,5142.786,False,False,False
13,Spa-Francorchamps,2025-07-27 13:00:00+00:00,1,Max VERSTAPPEN,Red Bull Racing,4.0,12.0,44.0,21.731,5144.332,False,False,False
13,Spa-Francorchamps,2025-07-27 13:00:00+00:00,63,George RUSSELL,Mercedes,5.0,10.0,44.0,34.863,5157.464,False,False,False
13,Spa-Francorchamps,2025-07-27 13:00:00+00:00,23,Alexander ALBON,Williams,6.0,8.0,44.0,39.926,5162.527,False,False,False
13,Spa-Francorchamps,2025-07-27 13:00:00+00:00,44,Lewis HAMILTON,Ferrari,7.0,6.0,44.0,40.679,5163.28,False,False,False
13,Spa-Francorchamps,2025-07-27 13:00:00+00:00,30,Liam LAWSON,Racing Bulls,8.0,4.0,44.0,52.033,5174.634,False,False,False
13,Spa-Francorchamps,2025-07-27 13:00:00+00:00,5,Gabriel BORTOLETO,Kick Sauber,9.0,2.0,44.0,56.434,5179.035,False,False,False
13,Spa-Francorchamps,2025-07-27 13:00:00+00:00,10,Pierre GASLY,Alpine,10.0,1.0,44.0,72.714,5195.315,False,False,False
13,Spa-Francorchamps,2025-07-27 13:00:00+00:00,87,Oliver BEARMAN,Haas F1 Team,11.0,0.0,44.0,73.145,5195.746,False,False,False
13,Spa-Francorchamps,2025-07-27 13:00:00+00:00,27,Nico HULKENBERG,Kick Sauber,12.0,0.0,44.0,73.628,5196.229,False,False,False
13,Spa-Francorchamps,2025-07-27 13:00:00+00:00,22,Yuki TSUNODA,Red Bull Racing,13.0,0.0,44.0,75.395,5197.996,False,False,False
13,Spa-Francorchamps,2025-07-27 13:00:00+00:00,18,Lance STROLL,Aston Martin,14.0,0.0,44.0,79.831,5202.432,False,False,False
13,Spa-Francorchamps,2025-07-27 13:00:00+00:00,31,Esteban OCON,Haas F1 Team,15.0,0.0,44.0,86.063,5208.664,False,False,False
13,Spa-Francorchamps,2025-07-27 13:00:00+00:00,12,Kimi ANTONELLI,Mercedes,16.0,0.0,44.0,86.721,5209.322,False,False,False
13,Spa-Francorchamps,2025-07-27 13:00:00+00:00,14,Fernando ALONSO,Aston Martin,17.0,0.0,44.0,87.924,5210.525,False,False,False
13,Spa-Francorchamps,2025-07-27 13:00:00+00:00,55,Carlos SAINZ,Williams,18.0,0.0,44.0,92.024,5214.625,False,False,False
13,Spa-Francorchamps,2025-07-27 13:00:00+00:00,43,Franco COLAPINTO,Alpine,19.0,0.0,44.0,95.25,5217.851,False,False,False
13,Spa-Francorchamps,2025-07-27 13:00:00+00:00,6,Isack HADJAR,Racing Bulls,20.0,0.0,43.0,+1 LAP,,False,False,False
14,Budapest,2025-08-03 13:00:00+00:00,4,Lando NORRIS,McLaren,1.0,25.0,70.0,0,5721.231,False,False,False
14,Budapest,2025-08-03 13:00:00+00:00,81,Oscar PIASTRI,McLaren,2.0,18.0,70.0,0.698,5721.929,False,False,False
14,Budapest,2025-08-03 13:00:00+00:00,63,George RUSSELL,Mercedes,3.0,15.0,70.0,21.916,5743.147,False,False,False
14,Budapest,2025-08-03 13:00:00+00:00,16,Charles LECLERC,Ferrari,4.0,12.0,70.0,42.56,5763.791,False,False,False
14,Budapest,2025-08-03 13:00:00+00:00,14,Fernando ALONSO,Aston Martin,5.0,10.0,70.0,59.04,5780.271,False,False,False
14,Budapest,2025-08-03 13:00:00+00:00,5,Gabriel BORTOLETO,Kick Sauber,6.0,8.0,70.0,66.169,5787.4,False,False,False
14,Budapest,2025-08-03 13:00:00+00:00,18,Lance STROLL,Aston Martin,7.0,6.0,70.0,68.174,5789.405,False,False,False
14,Budapest,2025-08-03 13:00:00+00:00,30,Liam LAWSON,Racing Bulls,8.0,4.0,70.0,69.451,5790.682,False,False,False
14,Budapest,2025-08-03 13:00:00+00:00,1,Max VERSTAPPEN,Red Bull Racing,9.0,2.0,70.0,72.645,5793.876,False,False,False
14,Budapest,2025-08-03 13:00:00+00:00,12,Kimi ANTONELLI,Mercedes,10.0,1.0,69.0,+1 LAP,,False,False,False
14,Budapest,2025-08-03 13:00:00+00:00,6,Isack HADJAR,Racing Bulls,11.0,0.0,69.0,+1 LAP,,False,False,False
14,Budapest,2025-08-03 13:00:00+00:00,44,Lewis HAMILTON,Ferrari,12.0,0.0,69.0,+1 LAP,,False,False,False
14,Budapest,2025-08-03 13:00:00+00:00,27,Nico HULKENBERG,Kick Sauber,13.0,0.0,69.0,+1 LAP,,False,False,False
14,Budapest,2025-08-03 13:00:00+00:00,55,Carlos SAINZ,Williams,14.0,0.0,69.0,+1 LAP,,False,False,False
14,Budapest,2025-08-03 13:00:00+00:00,23,Alexander ALBON,Williams,15.0,0.0,69.0,+1 LAP,,False,False,False
14,Budapest,2025-08-03 13:00:00+00:00,31,Esteban OCON,Haas F1 Team,16.0,0.0,69.0,+1 LAP,,False,False,False
14,Budapest,2025-08-03 13:00:00+00:00,22,Yuki TSUNODA,Red Bull Racing,17.0,0.0,69.0,+1 LAP,,False,False,False
14,Budapest,2025-08-03 13:00:00+00:00,43,Franco COLAPINTO,Alpine,18.0,0.0,69.0,+1 LAP,,False,False,False
14,Budapest,2025-08-03 13:00:00+00:00,10,Pierre GASLY,Alpine,19.0,0.0,69.0,+1 LAP,,False,False,False
14,Budapest,2025-08-03 13:00:00+00:00,87,Oliver BEARMAN,Haas F1 Team,,0.0,48.0,,,True,False,False
15,Zandvoort,2025-08-31 13:00:00+00:00,81,Oscar PIASTRI,McLaren,1.0,25.0,72.0,0,5909.849,False,False,False
15,Zandvoort,2025-08-31 13:00:00+00:00,1,Max VERSTAPPEN,Red Bull Racing,2.0,18.0,72.0,1.271,5911.12,False,False,False
15,Zandvoort,2025-08-31 13:00:00+00:00,6,Isack HADJAR,Racing Bulls,3.0,15.0,72.0,3.233,5913.082,False,False,False
15,Zandvoort,2025-08-31 13:00:00+00:00,63,George RUSSELL,Mercedes,4.0,12.0,72.0,5.654,5915.503,False,False,False
15,Zandvoort,2025-08-31 13:00:00+00:00,23,Alexander ALBON,Williams,5.0,10.0,72.0,6.327,5916.176,False,False,False
15,Zandvoort,2025-08-31 13:00:00+00:00,87,Oliver BEARMAN,Haas F1 Team,6.0,8.0,72.0,9.044,5918.893,False,False,False
15,Zandvoort,2025-08-31 13:00:00+00:00,18,Lance STROLL,Aston Martin,7.0,6.0,72.0,9.497,5919.346,False,False,False
15,Zandvoort,2025-08-31 13:00:00+00:00,14,Fernando ALONSO,Aston Martin,8.0,4.0,72.0,11.709,5921.558,False,False,False
15,Zandvoort,2025-08-31 13:00:00+00:00,22,Yuki TSUNODA,Red Bull Racing,9.0,2.0,72.0,13.597,5923.446,False,False,False
15,Zandvoort,2025-08-31 13:00:00+00:00,31,Esteban OCON,Haas F1 Team,10.0,1.0,72.0,14.063,5923.912,False,False,False
15,Zandvoort,2025-08-31 13:00:00+00:00,43,Franco COLAPINTO,Alpine,11.0,0.0,72.0,14.511,5924.36,False,False,False
15,Zandvoort,2025-08-31 13:00:00+00:00,30,Liam LAWSON,Racing Bulls,12.0,0.0,72.0,17.063,5926.912,False,False,False
15,Zandvoort,2025-08-31 13:00:00+00:00,55,Carlos SAINZ,Williams,13.0,0.0,72.0,17.376,5927.225,False,False,False
15,Zandvoort,2025-08-31 13:00:00+00:00,27,Nico HULKENBERG,Kick Sauber,14.0,0.0,72.0,19.725,5929.574,False,False,False
15,Zandvoort,2025-08-31 13:00:00+00:00,5,Gabriel BORTOLETO,Kick Sauber,15.0,0.0,72.0,21.565,5931.414,False,False,False
15,Zandvoort,2025-08-31 13:00:00+00:00,12,Kimi ANTONELLI,Mercedes,16.0,0.0,72.0,22.029,5931.878,False,False,False
15,Zandvoort,2025-08-31 13:00:00+00:00,10,Pierre GASLY,Alpine,17.0,0.0,72.0,23.629,5933.478,False,False,False
15,Zandvoort,2025-08-31 13:00:00+00:00,4,Lando NORRIS,McLaren,18.0,0.0,64.0,,,True,False,False
15,Zandvoort,2025-08-31 13:00:00+00:00,16,Charles LECLERC,Ferrari,,0.0,52.0,,,True,False,False
15,Zandvoort,2025-08-31 13:00:00+00:00,44,Lewis HAMILTON,Ferrari,,0.0,22.0,,,True,False,False
16,Monza,2025-09-07 13:00:00+00:00,1,Max VERSTAPPEN,Red Bull Racing,1.0,25.0,53.0,0,4404.325,False,False,False
16,Monza,2025-09-07 13:00:00+00:00,4,Lando NORRIS,McLaren,2.0,18.0,53.0,19.207,4423.532,False,False,False
16,Monza,2025-09-07 13:00:00+00:00,81,Oscar PIASTRI,McLaren,3.0,15.0,53.0,21.351,4425.676,False,False,False
16,Monza,2025-09-07 13:00:00+00:00,16,Charles LECLERC,Ferrari,4.0,12.0,53.0,25.624,4429.949,False,False,False
16,Monza,2025-09-07 13:00:00+00:00,63,George RUSSELL,Mercedes,5.0,10.0,53.0,32.881,4437.206,False,False,False
16,Monza,2025-09-07 13:00:00+00:00,44,Lewis HAMILTON,Ferrari,6.0,8.0,53.0,37.449,4441.774,False,False,False
16,Monza,2025-09-07 13:00:00+00:00,23,Alexander ALBON,Williams,7.0,6.0,53.0,50.537,4454.862,False,False,False
16,Monza,2025-09-07 13:00:00+00:00,5,Gabriel BORTOLETO,Kick Sauber,8.0,4.0,53.0,58.484,4462.809,False,False,False
16,Monza,2025-09-07 13:00:00+00:00,12,Kimi ANTONELLI,Mercedes,9.0,2.0,53.0,59.762,4464.087,False,False,False
16,Monza,2025-09-07 13:00:00+00:00,6,Isack HADJAR,Racing Bulls,10.0,1.0,53.0,63.891,4468.216,False,False,False
16,Monza,2025-09-07 13:00:00+00:00,55,Carlos SAINZ,Williams,11.0,0.0,53.0,64.469,4468.794,False,False,False
16,Monza,2025-09-07 13:00:00+00:00,87,Oliver BEARMAN,Haas F1 Team,12.0,0.0,53.0,79.288,4483.613,False,False,False
16,Monza,2025-09-07 13:00:00+00:00,22,Yuki TSUNODA,Red Bull Racing,13.0,0.0,53.0,80.701,4485.026,False,False,False
16,Monza,2025-09-07 13:00:00+00:00,30,Liam LAWSON,Racing Bulls,14.0,0.0,53.0,82.351,4486.676,False,False,False
16,Monza,2025-09-07 13:00:00+00:00,31,Esteban OCON,Haas F1 Team,15.0,0.0,52.0,+1 LAP,,False,False,False
16,Monza,2025-09-07 13:00:00+00:00,10,Pierre GASLY,Alpine,16.0,0.0,52.0,+1 LAP,,False,False,False
16,Monza,2025-09-07 13:00:00+00:00,43,Franco COLAPINTO,Alpine,17.0,0.0,52.0,+1 LAP,,False,False,False
16,Monza,2025-09-07 13:00:00+00:00,18,Lance STROLL,Aston Martin,18.0,0.0,52.0,+1 LAP,,False,False,False
16,Monza,2025-09-07 13:00:00+00:00,14,Fernando ALONSO,Aston Martin,,0.0,24.0,,,True,False,False
16,Monza,2025-09-07 13:00:00+00:00,27,Nico HULKENBERG,Kick Sauber,,0.0,0.0,,,False,True,False
17,Baku,2025-09-21 11:00:00+00:00,1,Max VERSTAPPEN,Red Bull Racing,1.0,25.0,51.0,0,5606.408,False,False,False
17,Baku,2025-09-21 11:00:00+00:00,63,George RUSSELL,Mercedes,2.0,18.0,51.0,14.609,5621.017,False,False,False
17,Baku,2025-09-21 11:00:00+00:00,55,Carlos SAINZ,Williams,3.0,15.0,51.0,19.199,5625.607,False,False,False
17,Baku,2025-09-21 11:00:00+00:00,12,Kimi ANTONELLI,Mercedes,4.0,12.0,51.0,21.76,5628.168,False,False,False
17,Baku,2025-09-21 11:00:00+00:00,30,Liam LAWSON,Racing Bulls,5.0,10.0,51.0,33.29,5639.698,False,False,False
17,Baku,2025-09-21 11:00:00+00:00,22,Yuki TSUNODA,Red Bull Racing,6.0,8.0,51.0,33.808,5640.216,False,False,False
17,Baku,2025-09-21 11:00:00+00:00,4,Lando NORRIS,McLaren,7.0,6.0,51.0,34.227,5640.635,False,False,False
17,Baku,2025-09-21 11:00:00+00:00,44,Lewis HAMILTON,Ferrari,8.0,4.0,51.0,36.31,5642.718,False,False,False
17,Baku,2025-09-21 11:00:00+00:00,16,Charles LECLERC,Ferrari,9.0,2.0,51.0,36.774,5643.182,False,False,False
17,Baku,2025-09-21 11:00:00+00:00,6,Isack HADJAR,Racing Bulls,10.0,1.0,51.0,38.982,5645.39,False,False,False
17,Baku,2025-09-21 11:00:00+00:00,5,Gabriel BORTOLETO,Kick Sauber,11.0,0.0,51.0,67.606,5674.014,False,False,False
17,Baku,2025-09-21 11:00:00+00:00,87,Oliver BEARMAN,Haas F1 Team,12.0,0.0,51.0,68.262,5674.67,False,False,False
17,Baku,2025-09-21 11:00:00+00:00,23,Alexander ALBON,Williams,13.0,0.0,51.0,72.87,5679.278,False,False,False
17,Baku,2025-09-21 11:00:00+00:00,31,Esteban OCON,Haas F1 Team,14.0,0.0,51.0,77.58,5683.988,False,False,False
17,Baku,2025-09-21 11:00:00+00:00,14,Fernando ALONSO,Aston Martin,15.0,0.0,51.0,78.707,5685.115,False,False,False
17,Baku,2025-09-21 11:00:00+00:00,27,Nico HULKENBERG,Kick Sauber,16.0,0.0,51.0,80.237,5686.645,False,False,False
17,Baku,2025-09-21 11:00:00+00:00,18,Lance STROLL,Aston Martin,17.0,0.0,51.0,96.392,5702.8,False,False,False
17,Baku,2025-09-21 11:00:00+00:00,10,Pierre GASLY,Alpine,18.0,0.0,50.0,+1 LAP,,False,False,False
17,Baku,2025-09-21 11:00:00+00:00,43,Franco COLAPINTO,Alpine,19.0,0.0,50.0,+1 LAP,,False,False,False
17,Baku,2025-09-21 11:00:00+00:00,81,Oscar PIASTRI,McLaren,,0.0,0.0,,,True,False,False
18,Marina Bay,2025-10-05 12:00:00+00:00,63,George RUSSELL,Mercedes,1.0,25.0,62.0,0,6022.367,False,False,False
18,Marina Bay,2025-10-05 12:00:00+00:00,1,Max VERSTAPPEN,Red Bull Racing,2.0,18.0,62.0,5.43,6027.797,False,False,False
18,Marina Bay,2025-10-05 12:00:00+00:00,4,Lando NORRIS,McLaren,3.0,15.0,62.0,6.066,6028.433,False,False,False
18,Marina Bay,2025-10-05 12:00:00+00:00,81,Oscar PIASTRI,McLaren,4.0,12.0,62.0,8.146,6030.513,False,False,False
18,Marina Bay,2025-10-05 12:00:00+00:00,12,Kimi ANTONELLI,Mercedes,5.0,10.0,62.0,33.681,6056.048,False,False,False
18,Marina Bay,2025-10-05 12:00:00+00:00,16,Charles LECLERC,Ferrari,6.0,8.0,62.0,45.996,6068.363,False,False,False
18,Marina Bay,2025-10-05 12:00:00+00:00,14,Fernando ALONSO,Aston Martin,7.0,6.0,62.0,80.667,6103.034,False,False,False
18,Marina Bay,2025-10-05 12:00:00+00:00,44,Lewis HAMILTON,Ferrari,8.0,4.0,62.0,85.251,6107.618,False,False,False
18,Marina Bay,2025-10-05 12:00:00+00:00,87,Oliver BEARMAN,Haas F1 Team,9.0,2.0,62.0,93.527,6115.894,False,False,False
18,Marina Bay,2025-10-05 12:00:00+00:00,55,Carlos SAINZ,Williams,10.0,1.0,61.0,+1 LAP,,False,False,False
18,Marina Bay,2025-10-05 12:00:00+00:00,6,Isack HADJAR,Racing Bulls,11.0,0.0,61.0,+1 LAP,,False,False,False
18,Marina Bay,2025-10-05 12:00:00+00:00,22,Yuki TSUNODA,Red Bull Racing,12.0,0.0,61.0,+1 LAP,,False,False,False
18,Marina Bay,2025-10-05 12:00:00+00:00,18,Lance STROLL,Aston Martin,13.0,0.0,61.0,+1 LAP,,False,False,False
18,Marina Bay,2025-10-05 12:00:00+00:00,23,Alexander ALBON,Williams,14.0,0.0,61.0,+1 LAP,,False,False,False
18,Marina Bay,2025-10-05 12:00:00+00:00,30,Liam LAWSON,Racing Bulls,15.0,0.0,61.0,+1 LAP,,False,False,False
18,Marina Bay,2025-10-05 12:00:00+00:00,43,Franco COLAPINTO,Alpine,16.0,0.0,61.0,+1 LAP,,False,False,False
18,Marina Bay,2025-10-05 12:00:00+00:00,5,Gabriel BORTOLETO,Kick Sauber,17.0,0.0,61.0,+1 LAP,,False,False,False
18,Marina Bay,2025-10-05 12:00:00+00:00,31,Esteban OCON,Haas F1 Team,18.0,0.0,61.0,+1 LAP,,False,False,False
18,Marina Bay,2025-10-05 12:00:00+00:00,10,Pierre GASLY,Alpine,19.0,0.0,61.0,+1 LAP,,False,False,False
18,Marina Bay,2025-10-05 12:00:00+00:00,27,Nico HULKENBERG,Kick Sauber,20.0,0.0,61.0,+1 LAP,,False,False,False
19,Austin,2025-10-19 19:00:00+00:00,1,Max VERSTAPPEN,Red Bull Racing,1.0,25.0,56.0,0,5640.161,False,False,False
19,Austin,2025-10-19 19:00:00+00:00,4,Lando NORRIS,McLaren,2.0,18.0,56.0,7.959,5648.12,False,False,False
19,Austin,2025-10-19 19:00:00+00:00,16,Charles LECLERC,Ferrari,3.0,15.0,56.0,15.373,5655.534,False,False,False
19,Austin,2025-10-19 19:00:00+00:00,44,Lewis HAMILTON,Ferrari,4.0,12.0,56.0,28.536,5668.697,False,False,False
19,Austin,2025-10-19 19:00:00+00:00,81,Oscar PIASTRI,McLaren,5.0,10.0,56.0,29.678,5669.839,False,False,False
19,Austin,2025-10-19 19:00:00+00:00,63,George RUSSELL,Mercedes,6.0,8.0,56.0,33.456,5673.617,False,False,False
19,Austin,2025-10-19 19:00:00+00:00,22,Yuki TSUNODA,Red Bull Racing,7.0,6.0,56.0,52.714,5692.875,False,False,False
19,Austin,2025-10-19 19:00:00+00:00,27,Nico HULKENBERG,Kick Sauber,8.0,4.0,56.0,57.249,5697.41,False,False,False
19,Austin,2025-10-19 19:00:00+00:00,87,Oliver BEARMAN,Haas F1 Team,9.0,2.0,56.0,64.722,5704.883,False,False,False
19,Austin,2025-10-19 19:00:00+00:00,14,Fernando ALONSO,Aston Martin,10.0,1.0,56.0,70.001,5710.162,False,False,False
19,Austin,2025-10-19 19:00:00+00:00,30,Liam LAWSON,Racing Bulls,11.0,0.0,56.0,73.209,5713.37,False,False,False
19,Austin,2025-10-19 19:00:00+00:00,18,Lance STROLL,Aston Martin,12.0,0.0,56.0,74.778,5714.939,False,False,False
19,Austin,2025-10-19 19:00:00+00:00,12,Kimi ANTONELLI,Mercedes,13.0,0.0,56.0,75.746,5715.907,False,False,False
19,Austin,2025-10-19 19:00:00+00:00,23,Alexander ALBON,Williams,14.0,0.0,56.0,80.0,5720.161,False,False,False
19,Austin,2025-10-19 19:00:00+00:00,31,Esteban OCON,Haas F1 Team,15.0,0.0,56.0,83.043,5723.204,False,False,False
19,Austin,2025-10-19 19:00:00+00:00,6,Isack HADJAR,Racing Bulls,16.0,0.0,56.0,92.807,5732.968,False,False,False
19,Austin,2025-10-19 19:00:00+00:00,43,Franco COLAPINTO,Alpine,17.0,0.0,55.0,+1 LAP,,False,False,False
19,Austin,2025-10-19 19:00:00+00:00,5,Gabriel BORTOLETO,Kick Sauber,18.0,0.0,55.0,+1 LAP,,False,False,False
19,Austin,2025-10-19 19:00:00+00:00,10,Pierre GASLY,Alpine,19.0,0.0,55.0,+1 LAP,,False,False,False
19,Austin,2025-10-19 19:00:00+00:00,55,Carlos SAINZ,Williams,,0.0,5.0,,,True,False,False
20,Mexico City,2025-10-26 20:00:00+00:00,4,Lando NORRIS,McLaren,1.0,25.0,71.0,0,5878.574,False,False,False
20,Mexico City,2025-10-26 20:00:00+00:00,16,Charles LECLERC,Ferrari,2.0,18.0,71.0,30.324,5908.898,False,False,False
20,Mexico City,2025-10-26 20:00:00+00:00,1,Max VERSTAPPEN,Red Bull Racing,3.0,15.0,71.0,31.049,5909.623,False,False,False
20,Mexico City,2025-10-26 20:00:00+00:00,87,Oliver BEARMAN,Haas F1 Team,4.0,12.0,71.0,40.955,5919.529,False,False,False
20,Mexico City,2025-10-26 20:00:00+00:00,81,Oscar PIASTRI,McLaren,5.0,10.0,71.0,42.065,5920.639,False,False,False
20,Mexico City,2025-10-26 20:00:00+00:00,12,Kimi ANTONELLI,Mercedes,6.0,8.0,71.0,47.837,5926.411,False,False,False
20,Mexico City,2025-10-26 20:00:00+00:00,63,George RUSSELL,Mercedes,7.0,6.0,71.0,50.287,5928.861,False,False,False
20,Mexico City,2025-10-26 20:00:00+00:00,44,Lewis HAMILTON,Ferrari,8.0,4.0,71.0,56.446,5935.02,False,False,False
20,Mexico City,2025-10-26 20:00:00+00:00,31,Esteban OCON,Haas F1 Team,9.0,2.0,71.0,75.464,5954.038,False,False,False
20,Mexico City,2025-10-26 20:00:00+00:00,5,Gabriel BORTOLETO,Kick Sauber,10.0,1.0,71.0,76.863,5955.437,False,False,False
20,Mexico City,2025-10-26 20:00:00+00:00,22,Yuki TSUNODA,Red Bull Racing,11.0,0.0,71.0,79.048,5957.622,False,False,False
20,Mexico City,2025-10-26 20:00:00+00:00,23,Alexander ALBON,Williams,12.0,0.0,70.0,+1 LAP,,False,False,False
20,Mexico City,2025-10-26 20:00:00+00:00,6,Isack HADJAR,Racing Bulls,13.0,0.0,70.0,+1 LAP,,False,False,False
20,Mexico City,2025-10-26 20:00:00+00:00,18,Lance STROLL,Aston Martin,14.0,0.0,70.0,+1 LAP,,False,False,False
20,Mexico City,2025-10-26 20:00:00+00:00,10,Pierre GASLY,Alpine,15.0,0.0,70.0,+1 LAP,,False,False,False
20,Mexico City,2025-10-26 20:00:00+00:00,43,Franco COLAPINTO,Alpine,16.0,0.0,70.0,+1 LAP,,False,False,False
20,Mexico City,2025-10-26 20:00:00+00:00,55,Carlos SAINZ,Williams,17.0,0.0,67.0,,,True,False,False
20,Mexico City,2025-10-26 20:00:00+00:00,14,Fernando ALONSO,Aston Martin,,0.0,34.0,,,True,False,False
20,Mexico City,2025-10-26 20:00:00+00:00,27,Nico HULKENBERG,Kick Sauber,,0.0,25.0,,,True,False,False
20,Mexico City,2025-10-26 20:00:00+00:00,30,Liam LAWSON,Racing Bulls,,0.0,5.0,,,True,False,False
21,São Paulo,2025-11-09 17:00:00+00:00,4,Lando NORRIS,McLaren,1.0,25.0,71.0,0,5521.596,False,False,False
21,São Paulo,2025-11-09 17:00:00+00:00,12,Kimi ANTONELLI,Mercedes,2.0,18.0,71.0,10.388,5531.984,False,False,False
21,São Paulo,2025-11-09 17:00:00+00:00,1,Max VERSTAPPEN,Red Bull Racing,3.0,15.0,71.0,10.75,5532.346,False,False,False
21,São Paulo,2025-11-09 17:00:00+00:00,63,George RUSSELL,Mercedes,4.0,12.0,71.0,15.267,5536.863,False,False,False
21,São Paulo,2025-11-09 17:00:00+00:00,81,Oscar PIASTRI,McLaren,5.0,10.0,71.0,15.749,5537.345,False,False,False
21,São Paulo,2025-11-09 17:00:00+00:00,87,Oliver BEARMAN,Haas F1 Team,6.0,8.0,71.0,29.63,5551.226,False,False,False
21,São Paulo,2025-11-09 17:00:00+00:00,30,Liam LAWSON,Racing Bulls,7.0,6.0,71.0,52.642,5574.238,False,False,False
21,São Paulo,2025-11-09 17:00:00+00:00,6,Isack HADJAR,Racing Bulls,8.0,4.0,71.0,52.873,5574.469,False,False,False
21,São Paulo,2025-11-09 17:00:00+00:00,27,Nico HULKENBERG,Kick Sauber,9.0,2.0,71.0,53.324,5574.92,False,False,False
21,São Paulo,2025-11-09 17:00:00+00:00,10,Pierre GASLY,Alpine,10.0,1.0,71.0,53.914,5575.51,False,False,False
21,São Paulo,2025-11-09 17:00:00+00:00,23,Alexander ALBON,Williams,11.0,0.0,71.0,54.184,5575.78,False,False,False
21,São Paulo,2025-11-09 17:00:00+00:00,31,Esteban OCON,Haas F1 Team,12.0,0.0,71.0,54.696,5576.292,False,False,False
21,São Paulo,2025-11-09 17:00:00+00:00,55,Carlos SAINZ,Williams,13.0,0.0,71.0,55.42,5577.016,False,False,False
21,São Paulo,2025-11-09 17:00:00+00:00,14,Fernando ALONSO,Aston Martin,14.0,0.0,71.0,55.766,5577.362,False,False,False
21,São Paulo,2025-11-09 17:00:00+00:00,43,Franco COLAPINTO,Alpine,15.0,0.0,71.0,57.777,5579.373,False,False,False
21,São Paulo,2025-11-09 17:00:00+00:00,18,Lance STROLL,Aston Martin,16.0,0.0,71.0,58.247,5579.843,False,False,False
21,São Paulo,2025-11-09 17:00:00+00:00,22,Yuki TSUNODA,Red Bull Racing,17.0,0.0,71.0,69.176,5590.772,False,False,False
21,São Paulo,2025-11-09 17:00:00+00:00,44,Lewis HAMILTON,Ferrari,,0.0,37.0,,,True,False,False
21,São Paulo,2025-11-09 17:00:00+00:00,16,Charles LECLERC,Ferrari,,0.0,5.0,,,True,False,False
21,São Paulo,2025-11-09 17:00:00+00:00,5,Gabriel BORTOLETO,Kick Sauber,,0.0,0.0,,,True,False,False
22,Las Vegas,2025-11-23 04:00:00+00:00,1,Max VERSTAPPEN,Red Bull Racing,1.0,25.0,50.0,0,4868.429,False,False,False
22,Las Vegas,2025-11-23 04:00:00+00:00,63,George RUSSELL,Mercedes,2.0,18.0,50.0,23.546,4891.975,False,False,False
22,Las Vegas,2025-11-23 04:00:00+00:00,12,Kimi ANTONELLI,Mercedes,3.0,15.0,50.0,30.488,4898.917,False,False,False
22,Las Vegas,2025-11-23 04:00:00+00:00,16,Charles LECLERC,Ferrari,4.0,12.0,50.0,30.678,4899.107,False,False,False
22,Las Vegas,2025-11-23 04:00:00+00:00,55,Carlos SAINZ,Williams,5.0,10.0,50.0,34.924,4903.353,False,False,False
22,Las Vegas,2025-11-23 04:00:00+00:00,6,Isack HADJAR,Racing Bulls,6.0,8.0,50.0,45.257,4913.686,False,False,False
22,Las Vegas,2025-11-23 04:00:00+00:00,27,Nico HULKENBERG,Kick Sauber,7.0,6.0,50.0,51.134,4919.563,False,False,False
22,Las Vegas,2025-11-23 04:00:00+00:00,44,Lewis HAMILTON,Ferrari,8.0,4.0,50.0,59.369,4927.798,False,False,False
22,Las Vegas,2025-11-23 04:00:00+00:00,31,Esteban OCON,Haas F1 Team,9.0,2.0,50.0,60.635,4929.064,False,False,False
22,Las Vegas,2025-11-23 04:00:00+00:00,87,Oliver BEARMAN,Haas F1 Team,10.0,1.0,50.0,70.549,4938.978,False,False,False
22,Las Vegas,2025-11-23 04:00:00+00:00,14,Fernando ALONSO,Aston Martin,11.0,0.0,50.0,85.308,4953.737,False,False,False
22,Las Vegas,2025-11-23 04:00:00+00:00,22,Yuki TSUNODA,Red Bull Racing,12.0,0.0,50.0,86.974,4955.403,False,False,False
22,Las Vegas,2025-11-23 04:00:00+00:00,10,Pierre GASLY,Alpine,13.0,0.0,50.0,91.702,4960.131,False,False,False
22,Las Vegas,2025-11-23 04:00:00+00:00,30,Liam LAWSON,Racing Bulls,14.0,0.0,49.0,+1 LAP,,False,False,False
22,Las Vegas,2025-11-23 04:00:00+00:00,43,Franco COLAPINTO,Alpine,15.0,0.0,49.0,+1 LAP,,False,False,False
22,Las Vegas,2025-11-23 04:00:00+00:00,23,Alexander ALBON,Williams,,0.0,35.0,,,True,False,False
22,Las Vegas,2025-11-23 04:00:00+00:00,5,Gabriel BORTOLETO,Kick Sauber,,0.0,2.0,,,True,False,False
22,Las Vegas,2025-11-23 04:00:00+00:00,18,Lance STROLL,Aston Martin,,0.0,0.0,,,True,False,False
22,Las Vegas,2025-11-23 04:00:00+00:00,4,Lando NORRIS,McLaren,,0.0,,,,False,False,True
22,Las Vegas,2025-11-23 04:00:00+00:00,81,Oscar PIASTRI,McLaren,,0.0,,,,False,False,True
23,Lusail,2025-11-30 16:00:00+00:00,1,Max VERSTAPPEN,Red Bull Racing,1.0,25.0,57.0,0,5078.241,False,False,False
23,Lusail,2025-11-30 16:00:00+00:00,81,Oscar PIASTRI,McLaren,2.0,18.0,57.0,7.995,5086.236,False,False,False
23,Lusail,2025-11-30 16:00:00+00:00,55,Carlos SAINZ,Williams,3.0,15.0,57.0,22.665,5100.906,False,False,False
23,Lusail,2025-11-30 16:00:00+00:00,4,Lando NORRIS,McLaren,4.0,12.0,57.0,23.315,5101.556,False,False,False
23,Lusail,2025-11-30 16:00:00+00:00,12,Kimi ANTONELLI,Mercedes,5.0,10.0,57.0,28.317,5106.558,False,False,False
23,Lusail,2025-11-30 16:00:00+00:00,63,George RUSSELL,Mercedes,6.0,8.0,57.0,48.599,5126.84,False,False,False
23,Lusail,2025-11-30 16:00:00+00:00,14,Fernando ALONSO,Aston Martin,7.0,6.0,57.0,54.045,5132.286,False,False,False
23,Lusail,2025-11-30 16:00:00+00:00,16,Charles LECLERC,Ferrari,8.0,4.0,57.0,56.785,5135.026,False,False,False
23,Lusail,2025-11-30 16:00:00+00:00,30,Liam LAWSON,Racing Bulls,9.0,2.0,57.0,60.073,5138.314,False,False,False
23,Lusail,2025-11-30 16:00:00+00:00,22,Yuki TSUNODA,Red Bull Racing,10.0,1.0,57.0,61.77,5140.011,False,False,False
23,Lusail,2025-11-30 16:00:00+00:00,23,Alexander ALBON,Williams,11.0,0.0,57.0,66.931,5145.172,False,False,False
23,Lusail,2025-11-30 16:00:00+00:00,44,Lewis HAMILTON,Ferrari,12.0,0.0,57.0,77.73,5155.971,False,False,False
23,Lusail,2025-11-30 16:00:00+00:00,5,Gabriel BORTOLETO,Kick Sauber,13.0,0.0,57.0,84.812,5163.053,False,False,False
23,Lusail,2025-11-30 16:00:00+00:00,43,Franco COLAPINTO,Alpine,14.0,0.0,56.0,+1 LAP,,False,False,False
23,Lusail,2025-11-30 16:00:00+00:00,31,Esteban OCON,Haas F1 Team,15.0,0.0,56.0,+1 LAP,,False,False,False
23,Lusail,2025-11-30 16:00:00+00:00,10,Pierre GASLY,Alpine,16.0,0.0,56.0,+1 LAP,,False,False,False
23,Lusail,2025-11-30 16:00:00+00:00,18,Lance STROLL,Aston Martin,17.0,0.0,55.0,,,True,False,False
23,Lusail,2025-11-30 16:00:00+00:00,6,Isack HADJAR,Racing Bulls,18.0,0.0,55.0,,,True,False,False
23,Lusail,2025-11-30 16:00:00+00:00,87,Oliver BEARMAN,Haas F1 Team,,0.0,41.0,,,True,False,False
23,Lusail,2025-11-30 16:00:00+00:00,27,Nico HULKENBERG,Kick Sauber,,0.0,6.0,,,True,False,False
24,Yas Island,2025-12-07 13:00:00+00:00,1,Max VERSTAPPEN,Red Bull Racing,1.0,25.0,58.0,0,5167.469,False,False,False
24,Yas Island,2025-12-07 13:00:00+00:00,81,Oscar PIASTRI,McLaren,2.0,18.0,58.0,12.594,5180.063,False,False,False
24,Yas Island,2025-12-07 13:00:00+00:00,4,Lando NORRIS,McLaren,3.0,15.0,58.0,16.572,5184.041,False,False,False
24,Yas Island,2025-12-07 13:00:00+00:00,16,Charles LECLERC,Ferrari,4.0,12.0,58.0,23.279,5190.748,False,False,False
24,Yas Island,2025-12-07 13:00:00+00:00,63,George RUSSELL,Mercedes,5.0,10.0,58.0,48.563,5216.032,False,False,False
24,Yas Island,2025-12-07 13:00:00+00:00,14,Fernando ALONSO,Aston Martin,6.0,8.0,58.0,67.562,5235.031,False,False,False
24,Yas Island,2025-12-07 13:00:00+00:00,31,Esteban OCON,Haas F1 Team,7.0,6.0,58.0,69.876,5237.345,False,False,False
24,Yas Island,2025-12-07 13:00:00+00:00,44,Lewis HAMILTON,Ferrari,8.0,4.0,58.0,72.67,5240.139,False,False,False
24,Yas Island,2025-12-07 13:00:00+00:00,27,Nico HULKENBERG,Kick Sauber,9.0,2.0,58.0,79.014,5246.483,False,False,False
24,Yas Island,2025-12-07 13:00:00+00:00,18,Lance STROLL,Aston Martin,10.0,1.0,58.0,79.523,5246.992,False,False,False
24,Yas Island,2025-12-07 13:00:00+00:00,5,Gabriel BORTOLETO,Kick Sauber,11.0,0.0,58.0,81.043,5248.512,False,False,False
24,Yas Island,2025-12-07 13:00:00+00:00,87,Oliver BEARMAN,Haas F1 Team,12.0,0.0,58.0,81.166,5248.635,False,False,False
24,Yas Island,2025-12-07 13:00:00+00:00,55,Carlos SAINZ,Williams,13.0,0.0,58.0,82.158,5249.627,False,False,False
24,Yas Island,2025-12-07 13:00:00+00:00,22,Yuki TSUNODA,Red Bull Racing,14.0,0.0,58.0,83.794,5251.263,False,False,False
24,Yas Island,2025-12-07 13:00:00+00:00,12,Kimi ANTONELLI,Mercedes,15.0,0.0,58.0,84.399,5251.868,False,False,False
24,Yas Island,2025-12-07 13:00:00+00:00,23,Alexander ALBON,Williams,16.0,0.0,58.0,90.327,5257.796,False,False,False
24,Yas Island,2025-12-07 13:00:00+00:00,6,Isack HADJAR,Racing Bulls,17.0,0.0,57.0,+1 LAP,,False,False,False
24,Yas Island,2025-12-07 13:00:00+00:00,30,Liam LAWSON,Racing Bulls,18.0,0.0,57.0,+1 LAP,,False,False,False
24,Yas Island,2025-12-07 13:00:00+00:00,10,Pierre GASLY,Alpine,19.0,0.0,57.0,+1 LAP,,False,False,False
24,Yas Island,2025-12-07 13:00:00+00:00,43,Franco COLAPINTO,Alpine,20.0,0.0,57.0,+1 LAP,,False,False,False
